-- phpMyAdmin SQL Dump
-- version 5.2.1
-- https://www.phpmyadmin.net/
--
-- Host: 127.0.0.1
-- Generation Time: Oct 16, 2024 at 02:58 PM
-- Server version: 10.4.32-MariaDB
-- PHP Version: 8.2.12

SET SQL_MODE = "NO_AUTO_VALUE_ON_ZERO";
START TRANSACTION;
SET time_zone = "+00:00";


/*!40101 SET @OLD_CHARACTER_SET_CLIENT=@@CHARACTER_SET_CLIENT */;
/*!40101 SET @OLD_CHARACTER_SET_RESULTS=@@CHARACTER_SET_RESULTS */;
/*!40101 SET @OLD_COLLATION_CONNECTION=@@COLLATION_CONNECTION */;
/*!40101 SET NAMES utf8mb4 */;

--
-- Database: `carlot`
--

-- --------------------------------------------------------

--
-- Table structure for table `bay`
--

CREATE TABLE `bay` (
  `bay_id` int(10) NOT NULL,
  `bay_name` char(100) NOT NULL
) ENGINE=InnoDB DEFAULT CHARSET=utf8mb4 COLLATE=utf8mb4_general_ci;

--
-- Dumping data for table `bay`
--

INSERT INTO `bay` (`bay_id`, `bay_name`) VALUES
(1, 'A'),
(2, 'B'),
(3, 'C'),
(4, 'D'),
(5, 'E'),
(6, 'F'),
(7, 'G'),
(8, 'H');

-- --------------------------------------------------------

--
-- Table structure for table `bay_order`
--

CREATE TABLE `bay_order` (
  `id` int(10) NOT NULL,
  `name` varchar(10) NOT NULL,
  `status` int(10) NOT NULL
) ENGINE=InnoDB DEFAULT CHARSET=utf8mb4 COLLATE=utf8mb4_general_ci;

--
-- Dumping data for table `bay_order`
--

INSERT INTO `bay_order` (`id`, `name`, `status`) VALUES
(1, 'A', 5),
(2, 'F', 5),
(3, 'C', 5),
(4, 'B', 5),
(5, 'G', 5),
(6, 'D', 5),
(7, 'H', 5),
(8, 'E', 5);

-- --------------------------------------------------------

--
-- Table structure for table `card`
--

CREATE TABLE `card` (
  `card_id` int(100) NOT NULL,
  `user_height` varchar(100) DEFAULT NULL,
  `user_license_plate` varchar(100) DEFAULT NULL,
  `lot_id` int(10) DEFAULT NULL,
  `status_id` int(10) NOT NULL,
  `time` timestamp NOT NULL DEFAULT current_timestamp() ON UPDATE current_timestamp()
) ENGINE=InnoDB DEFAULT CHARSET=utf8mb4 COLLATE=utf8mb4_general_ci;

--
-- Dumping data for table `card`
--

INSERT INTO `card` (`card_id`, `user_height`, `user_license_plate`, `lot_id`, `status_id`, `time`) VALUES
(1, NULL, 'อย1515', NULL, 1, '2024-10-13 20:11:55'),
(2, '161.5', 'ศษ4682', 150, 7, '2024-10-13 18:50:56'),
(3, NULL, 'ฑฐ3458', NULL, 1, '2024-10-13 20:11:59'),
(4, NULL, 'ษฉ7105', NULL, 1, '2024-10-13 20:12:02'),
(5, NULL, 'ศฎ1004', NULL, 1, '2024-10-13 20:12:05'),
(6, NULL, 'ดฐ8541', NULL, 1, '2024-10-12 19:03:25'),
(7, NULL, 'ฎม4721', NULL, 1, '2024-10-13 18:33:04'),
(8, NULL, 'ศฒ4666', NULL, 1, '2024-10-13 20:11:55'),
(9, NULL, 'อน9203', NULL, 1, '2024-10-13 20:42:17'),
(10, NULL, 'สณ1627', NULL, 1, '2024-10-13 18:33:04'),
(11, NULL, 'วอ4833', NULL, 1, '2024-10-13 18:33:04'),
(12, '0', 'ญณ3541', 92, 6, '2024-10-14 04:09:55'),
(13, NULL, 'พฬ5210', NULL, 1, '2024-10-12 19:03:25'),
(14, NULL, 'ฐซ3354', NULL, 1, '2024-10-12 19:03:25'),
(15, NULL, 'มด8913', NULL, 1, '2024-10-13 18:33:04'),
(16, NULL, 'ฟฦ5671', NULL, 1, '2024-10-13 16:50:54'),
(17, NULL, 'ฬฒ6597', NULL, 1, '2024-10-13 18:33:04'),
(18, NULL, 'วจ7478', NULL, 1, '2024-10-13 18:33:04'),
(19, NULL, 'ษศ1628', NULL, 1, '2024-10-13 18:33:04'),
(20, '34.57', 'บย6658', 34, 7, '2024-10-14 04:00:18'),
(21, NULL, 'นณ1234', NULL, 1, '2024-10-14 04:03:08'),
(22, NULL, 'บบ5678', NULL, 1, '2024-10-13 18:33:04'),
(23, NULL, 'ปป9012', NULL, 1, '2024-10-13 18:33:04'),
(24, NULL, 'ผผ3456', NULL, 1, '2024-10-13 18:33:04'),
(25, NULL, 'ฝฝ7890', NULL, 1, '2024-10-13 18:33:04'),
(26, NULL, 'พพ1234', NULL, 1, '2024-10-12 19:03:25'),
(27, NULL, 'ฟฟ5678', NULL, 1, '2024-10-12 19:03:25'),
(28, NULL, 'ภภ9012', NULL, 1, '2024-10-13 18:33:04'),
(29, NULL, 'มม3456', NULL, 1, '2024-10-13 18:33:04'),
(30, NULL, 'ยย7890', NULL, 1, '2024-10-13 18:33:04'),
(31, NULL, 'รร1234', NULL, 1, '2024-10-13 18:33:04'),
(32, NULL, 'ฤฤ5678', NULL, 1, '2024-10-12 19:03:25'),
(33, NULL, 'ลล5896', NULL, 1, '2024-10-12 19:03:25'),
(34, NULL, 'ฦฦ3456', NULL, 1, '2024-10-12 19:47:38'),
(35, NULL, 'วว7890', NULL, 1, '2024-10-13 18:33:04'),
(36, NULL, 'ศศ1234', NULL, 1, '2024-10-13 18:33:04'),
(37, NULL, 'ษษ5678', NULL, 1, '2024-10-13 18:33:04'),
(38, NULL, 'สส9012', NULL, 1, '2024-10-13 18:33:04'),
(39, NULL, 'หห3456', NULL, 1, '2024-10-13 18:33:04'),
(40, NULL, 'ฬฬ7890', NULL, 1, '2024-10-11 16:39:03'),
(41, NULL, 'ออ1234', NULL, 1, '2024-10-13 18:33:04'),
(42, NULL, 'ฮฮ5678', NULL, 1, '2024-10-11 15:51:59'),
(43, NULL, 'กข3456', NULL, 1, '2024-10-13 18:33:04'),
(44, NULL, 'คง7890', NULL, 1, '2024-10-13 18:33:04'),
(45, NULL, 'จฉ1234', NULL, 1, '2024-10-13 18:33:04'),
(46, NULL, 'ชซ5678', NULL, 1, '2024-10-12 19:47:38'),
(47, NULL, 'ฌญ9012', NULL, 1, '2024-10-13 18:33:04'),
(48, NULL, 'ฎฐ3456', NULL, 1, '2024-10-13 18:33:04'),
(49, NULL, 'ฑฒ7890', NULL, 1, '2024-10-12 19:47:38'),
(50, NULL, 'นด1234', NULL, 1, '2024-10-13 18:33:04'),
(51, NULL, 'ตถ5678', NULL, 1, '2024-10-13 18:33:04'),
(52, NULL, 'ทธ9012', NULL, 1, '2024-10-13 18:33:04'),
(53, NULL, 'นบ3456', NULL, 1, '2024-10-13 18:33:04'),
(54, NULL, 'ปผ7890', NULL, 1, '2024-10-13 18:33:04'),
(55, NULL, 'ฝพ1234', NULL, 1, '2024-10-13 18:33:04'),
(56, NULL, 'ฟภ5678', NULL, 1, '2024-10-13 18:33:04'),
(57, NULL, 'มย9012', NULL, 1, '2024-10-13 18:33:04'),
(58, NULL, 'รฤ3456', NULL, 1, '2024-10-13 18:33:04'),
(59, NULL, 'ลฦ7890', NULL, 1, '2024-10-13 18:33:04'),
(60, NULL, 'วศ1234', NULL, 1, '2024-10-13 18:33:04'),
(61, NULL, 'ษส5678', NULL, 1, '2024-10-13 18:33:04'),
(62, NULL, 'หฬ9012', NULL, 1, '2024-10-13 18:33:04'),
(63, NULL, 'อฮ3456', NULL, 1, '2024-10-13 17:31:57'),
(64, NULL, 'กค7890', NULL, 1, '2024-10-13 18:33:04'),
(65, NULL, 'งจ1234', NULL, 1, '2024-10-13 18:33:04'),
(66, NULL, 'ฉช5678', NULL, 1, '2024-10-13 18:33:04'),
(67, NULL, 'ซฌ9012', NULL, 1, '2024-10-13 18:33:04'),
(68, NULL, 'ญฎ3456', NULL, 1, '2024-10-13 18:33:04'),
(69, NULL, 'ฐฑ7890', NULL, 1, '2024-10-13 18:33:04'),
(70, NULL, 'นธ1234', NULL, 1, '2024-10-13 18:33:04'),
(71, NULL, 'บป5678', NULL, 1, '2024-10-13 18:33:04'),
(72, NULL, 'ผฝ9012', NULL, 1, '2024-10-13 18:33:04'),
(73, NULL, 'พฟ3456', NULL, 1, '2024-10-13 17:31:57'),
(74, NULL, 'ภม7890', NULL, 1, '2024-10-12 20:09:32'),
(75, NULL, 'ยร1234', NULL, 1, '2024-09-06 17:02:27'),
(76, NULL, 'ฤล5678', NULL, 1, '2024-10-13 17:31:57'),
(77, NULL, 'ฦว9012', NULL, 1, '2024-10-12 20:09:32'),
(78, NULL, 'ศษ3456', NULL, 1, '2024-10-12 20:09:32'),
(79, NULL, 'สห7890', NULL, 1, '2024-10-12 20:09:32'),
(80, NULL, 'ฬอ1234', NULL, 1, '2024-10-12 20:09:32'),
(81, NULL, 'ฮก5678', NULL, 1, '2024-10-12 20:09:32'),
(82, NULL, 'ขค9012', NULL, 1, '2024-10-12 20:09:32'),
(83, NULL, 'งจ3456', NULL, 1, '2024-10-12 20:09:32'),
(84, NULL, 'ฉช7890', NULL, 1, '2024-10-12 20:09:32'),
(85, NULL, 'ซฌ1234', NULL, 1, '2024-10-12 20:09:32'),
(86, NULL, 'ญฎ5678', NULL, 1, '2024-10-12 20:09:32'),
(87, NULL, 'ฐฑ9012', NULL, 1, '2024-10-12 20:09:32'),
(88, NULL, 'นธ3456', NULL, 1, '2024-10-12 20:09:32'),
(89, NULL, 'บป7890', NULL, 1, '2024-10-12 20:09:32'),
(90, NULL, 'ผฝ1234', NULL, 1, '2024-10-12 20:09:32'),
(91, NULL, 'พฟ5678', NULL, 1, '2024-10-12 18:03:55'),
(92, NULL, 'ภม9012', NULL, 1, '2024-10-12 20:09:32'),
(93, NULL, 'ยร3456', NULL, 1, '2024-10-12 20:09:32'),
(94, NULL, 'ฤล7890', NULL, 1, '2024-10-12 20:09:32'),
(95, NULL, 'ฦว1234', NULL, 1, '2024-10-12 20:09:32'),
(96, NULL, 'ศษ5678', NULL, 1, '2024-10-12 20:09:32'),
(97, NULL, 'สห9012', NULL, 1, '2024-10-12 20:09:32'),
(98, NULL, 'ฬอ3456', NULL, 1, '2024-10-12 20:09:32'),
(99, NULL, 'ฮก7890', NULL, 1, '2024-10-12 20:09:32'),
(100, NULL, 'กข1234', NULL, 1, '2024-10-13 18:33:04'),
(101, NULL, 'คง5678', NULL, 1, '2024-10-13 18:33:04'),
(102, NULL, 'จฉ9012', NULL, 1, '2024-10-13 18:33:04'),
(103, NULL, 'ชซ3456', NULL, 1, '2024-10-13 16:50:54'),
(104, NULL, 'ฌญ7890', NULL, 1, '2024-10-13 16:50:54'),
(105, NULL, 'ฎฐ1234', NULL, 1, '2024-10-13 16:50:54'),
(106, NULL, 'ฑฒ5678', NULL, 1, '2024-10-13 16:50:54'),
(107, NULL, 'นด9012', NULL, 1, '2024-10-13 16:50:54'),
(108, NULL, 'ตถ3456', NULL, 1, '2024-09-06 17:02:27'),
(109, NULL, 'ทธ7890', NULL, 1, '2024-10-13 16:50:54'),
(110, NULL, 'นบ1234', NULL, 1, '2024-10-13 16:50:54'),
(111, NULL, 'ปผ5678', NULL, 1, '2024-10-13 16:50:54'),
(112, NULL, 'ฝพ9012', NULL, 1, '2024-10-13 16:50:54'),
(113, NULL, 'ฟภ3456', NULL, 1, '2024-10-13 16:50:54'),
(114, NULL, 'มย7890', NULL, 1, '2024-09-06 17:02:27'),
(115, NULL, 'รฤ6678', NULL, 1, '2024-10-13 16:50:54'),
(116, NULL, 'ลฦ5678', NULL, 1, '2024-10-13 16:50:54'),
(117, NULL, 'วศ9012', NULL, 1, '2024-10-13 16:50:54'),
(118, NULL, 'ษส3456', NULL, 1, '2024-10-13 16:50:54'),
(119, NULL, 'หฬ7890', NULL, 1, '2024-10-13 16:50:54'),
(120, NULL, 'อฮ5254', NULL, 1, '2024-10-13 16:50:54'),
(121, NULL, 'กค5678', NULL, 1, '2024-10-13 16:50:54'),
(122, NULL, 'งจ9012', NULL, 1, '2024-10-13 16:50:54'),
(123, NULL, 'ฉช3456', NULL, 1, '2024-10-13 16:50:54'),
(124, NULL, 'ซฌ7890', NULL, 1, '2024-10-13 16:50:54'),
(125, NULL, 'ญฎ1234', NULL, 1, '2024-10-13 16:50:54'),
(126, NULL, 'ฐฑ5678', NULL, 1, '2024-10-13 16:50:54'),
(127, NULL, 'นธ9012', NULL, 1, '2024-10-13 16:50:54'),
(128, NULL, 'บป3456', NULL, 1, '2024-10-13 16:50:54'),
(129, NULL, 'ผฝ7890', NULL, 1, '2024-10-13 16:50:54'),
(130, NULL, 'พฟ3332', NULL, 1, '2024-10-13 16:50:54'),
(131, NULL, 'ภม5678', NULL, 1, '2024-10-13 16:50:54'),
(132, NULL, 'ยร9012', NULL, 1, '2024-10-13 17:31:57'),
(133, NULL, 'ฤล3456', NULL, 1, '2024-10-13 16:50:54'),
(134, NULL, 'ฦว7890', NULL, 1, '2024-10-13 16:50:54'),
(135, NULL, 'ศษ6933', NULL, 1, '2024-10-13 16:50:54'),
(136, NULL, 'สห5678', NULL, 1, '2024-10-13 16:50:54'),
(137, NULL, 'ฬอ9012', NULL, 1, '2024-10-13 16:50:54'),
(138, NULL, 'ฮก3456', NULL, 1, '2024-10-13 16:50:54'),
(139, NULL, 'กข7890', NULL, 1, '2024-10-13 16:50:54'),
(140, NULL, 'คง1234', NULL, 1, '2024-10-13 16:50:54'),
(141, NULL, 'จฉ5678', NULL, 1, '2024-10-13 16:50:54'),
(142, NULL, 'ชซ9012', NULL, 1, '2024-10-13 16:50:54'),
(143, NULL, 'ฌญ3456', NULL, 1, '2024-10-13 16:50:54'),
(144, NULL, 'ฎฐ7890', NULL, 1, '2024-10-13 16:50:54'),
(145, NULL, 'ฑฒ1234', NULL, 1, '2024-10-13 16:50:54'),
(146, NULL, 'นด5678', NULL, 1, '2024-10-13 16:50:54'),
(147, NULL, 'ตถ9012', NULL, 1, '2024-09-06 17:02:27'),
(148, NULL, 'ทธ3456', NULL, 1, '2024-10-12 18:03:55'),
(149, NULL, 'นบ7890', NULL, 1, '2024-10-12 18:03:55'),
(150, NULL, 'ปผ1234', NULL, 1, '2024-10-12 18:03:55'),
(151, NULL, 'ฝพ5678', NULL, 1, '2024-10-12 18:03:55'),
(152, NULL, 'ฟภ9012', NULL, 1, '2024-09-06 17:02:27'),
(153, NULL, 'มย4665', NULL, 1, '2024-10-12 18:03:55'),
(154, NULL, 'รฤ7890', NULL, 1, '2024-10-12 18:03:55'),
(155, NULL, 'ลฦ1234', NULL, 1, '2024-10-12 18:03:55'),
(156, NULL, 'วศ5678', NULL, 1, '2024-10-12 18:03:55'),
(157, NULL, 'ษส9012', NULL, 1, '2024-10-12 18:03:55'),
(158, NULL, 'หฬ7156', NULL, 1, '2024-10-12 18:03:55'),
(159, NULL, 'อฮ7890', NULL, 1, '2024-09-06 17:02:27'),
(160, NULL, 'กค1234', NULL, 1, '2024-10-12 18:03:55'),
(161, NULL, 'งจ5678', NULL, 1, '2024-10-12 18:03:55'),
(162, NULL, 'ฉช9012', NULL, 1, '2024-10-12 18:03:55'),
(163, NULL, 'ซฌ3456', NULL, 1, '2024-09-06 17:02:27'),
(164, NULL, 'ญฎ7890', NULL, 1, '2024-09-06 17:02:27'),
(165, NULL, 'ฐฑ1234', NULL, 1, '2024-10-12 18:03:55'),
(166, NULL, 'นธ5678', NULL, 1, '2024-10-12 18:03:55'),
(167, NULL, 'บป9012', NULL, 1, '2024-10-12 18:03:55'),
(168, NULL, 'ผฝ3456', NULL, 1, '2024-10-12 18:03:55'),
(169, NULL, 'พฟ7890', NULL, 1, '2024-09-06 17:02:27'),
(170, NULL, 'ภม1234', NULL, 1, '2024-10-13 18:33:04'),
(171, NULL, 'ยร5678', NULL, 1, '2024-10-13 18:33:04'),
(172, NULL, 'ฤล9012', NULL, 1, '2024-10-13 18:33:04'),
(173, NULL, 'ฦว3456', NULL, 1, '2024-10-13 18:33:04'),
(174, NULL, 'ศษ7890', NULL, 1, '2024-10-13 18:33:04'),
(175, NULL, 'สห1234', NULL, 1, '2024-10-13 18:33:04'),
(176, NULL, 'ฬอ5678', NULL, 1, '2024-10-13 18:33:04'),
(177, NULL, 'ฮก9012', NULL, 1, '2024-09-06 17:02:27'),
(178, NULL, 'กข6511', NULL, 1, '2024-09-06 17:02:27'),
(179, NULL, 'คง7751', NULL, 1, '2024-09-06 17:02:27'),
(180, NULL, 'จฉ9800', NULL, 1, '2024-09-06 17:02:27'),
(181, NULL, 'ชซ7411', NULL, 1, '2024-09-06 17:02:27'),
(182, NULL, 'ฌญ0693', NULL, 1, '2024-09-06 17:02:27'),
(183, NULL, 'ฎฐ3002', NULL, 1, '2024-09-06 17:02:27'),
(184, NULL, 'ฑฒ9950', NULL, 1, '2024-10-12 18:03:55'),
(185, NULL, 'นด6656', NULL, 1, '2024-10-12 18:03:55'),
(186, NULL, 'ตถ3350', NULL, 1, '2024-09-06 17:02:27'),
(187, NULL, 'ทธ3235', NULL, 1, '2024-10-12 18:03:55'),
(188, NULL, 'นบ8542', NULL, 1, '2024-10-12 18:03:55'),
(189, NULL, 'ปผ4965', NULL, 1, '2024-10-12 18:03:55'),
(190, NULL, 'ฝพ8165', NULL, 1, '2024-10-12 18:03:55'),
(191, NULL, 'ฟภ7469', NULL, 1, '2024-10-12 18:03:55'),
(192, NULL, 'มย1112', NULL, 1, '2024-10-13 16:50:54'),
(193, NULL, 'รฤ3456', NULL, 1, '2024-10-13 16:50:54'),
(194, NULL, 'ลฦ1252', NULL, 1, '2024-10-13 16:50:54'),
(195, NULL, 'วศ7575', NULL, 1, '2024-10-12 18:03:55'),
(196, NULL, 'ษส5678', NULL, 1, '2024-10-12 18:03:55'),
(197, NULL, 'หฬ3320', NULL, 1, '2024-10-12 18:03:55'),
(198, NULL, 'คค1155', NULL, 1, '2024-09-07 17:19:33'),
(199, NULL, 'กค9426', NULL, 1, '2024-10-12 18:03:55'),
(200, NULL, 'งจ1102', NULL, 1, '2024-10-12 18:03:55'),
(201, NULL, 'ขค6789', NULL, 1, '2024-10-12 18:03:55'),
(202, NULL, 'งจ7785', NULL, 1, '2024-10-12 18:03:55'),
(203, NULL, 'ฉช6953', NULL, 1, '2024-10-12 18:03:55'),
(204, NULL, 'ซฐ3456', NULL, 1, '2024-09-06 17:02:27'),
(205, NULL, 'ดพ8849', NULL, 1, '2024-09-06 17:02:27'),
(206, NULL, 'พด1234', NULL, 1, '2024-10-12 18:03:55'),
(207, NULL, 'นธ5413', NULL, 1, '2024-09-06 17:02:27'),
(208, NULL, 'บป3369', NULL, 1, '2024-10-08 14:01:51'),
(209, NULL, 'ฐฐ6852', NULL, 1, '2024-10-12 18:03:55'),
(210, NULL, 'กห5825', NULL, 1, '2024-10-13 16:50:54'),
(211, NULL, 'ชล6665', NULL, 1, '2024-10-12 18:03:55'),
(212, NULL, 'ชบล8521', NULL, 1, '2024-10-12 18:03:55'),
(213, NULL, 'ฤล9000', NULL, 1, '2024-10-12 18:03:55'),
(214, NULL, 'ฦว3456', NULL, 1, '2024-09-06 17:02:27'),
(215, NULL, 'ศษ7890', NULL, 1, '2024-10-12 18:03:55'),
(216, NULL, 'สห1234', NULL, 1, '2024-10-12 18:03:55'),
(217, NULL, 'ฬอ5678', NULL, 1, '2024-09-06 17:02:27'),
(218, NULL, 'ฮก8520', NULL, 1, '2024-09-06 17:02:27'),
(219, NULL, 'กข6789', NULL, 1, '2024-09-06 17:02:27'),
(220, NULL, 'คง6632', NULL, 1, '2024-09-06 17:02:27'),
(221, NULL, 'จฉ1144', NULL, 1, '2024-09-06 17:02:27'),
(222, NULL, 'ชซ3456', NULL, 1, '2024-09-06 17:02:27'),
(223, NULL, 'ฌพ5890', NULL, 1, '2024-09-06 17:02:27'),
(224, NULL, 'บล6852', NULL, 1, '2024-09-06 17:02:27'),
(225, NULL, 'ยญ7888', NULL, 1, '2024-09-06 17:02:27'),
(226, NULL, 'พส2568', NULL, 1, '2024-09-06 17:02:27'),
(227, NULL, 'ศษ6632', NULL, 1, '2024-09-06 17:02:27'),
(228, NULL, 'อด5555', NULL, 1, '2024-09-06 17:02:27'),
(229, NULL, 'นบ7777', NULL, 1, '2024-09-06 17:02:27'),
(230, NULL, 'ปผ5678', NULL, 1, '2024-09-06 17:02:27'),
(231, NULL, 'พด3314', NULL, 1, '2024-09-06 17:02:27'),
(232, NULL, 'มน6868', NULL, 1, '2024-09-08 17:36:25');

-- --------------------------------------------------------

--
-- Table structure for table `distance_data`
--

CREATE TABLE `distance_data` (
  `distance_id` int(11) NOT NULL,
  `distance` decimal(10,2) NOT NULL,
  `timestamp` timestamp NOT NULL DEFAULT current_timestamp(),
  `card_id` int(100) NOT NULL
) ENGINE=InnoDB DEFAULT CHARSET=utf8mb4 COLLATE=utf8mb4_general_ci;

--
-- Dumping data for table `distance_data`
--

INSERT INTO `distance_data` (`distance_id`, `distance`, `timestamp`, `card_id`) VALUES
(689, 152.34, '2024-10-13 18:02:18', 67),
(690, 152.56, '2024-10-13 18:02:33', 68),
(691, 152.53, '2024-10-13 18:02:43', 69),
(692, 52.06, '2024-10-13 18:03:01', 70),
(693, 52.77, '2024-10-13 18:03:14', 71),
(694, 152.86, '2024-10-13 18:03:35', 72),
(695, 52.13, '2024-10-13 18:03:43', 100),
(696, 11.42, '2024-10-13 18:03:53', 100),
(697, 11.63, '2024-10-13 18:04:03', 100),
(698, 11.63, '2024-10-13 18:04:19', 101),
(699, 11.06, '2024-10-13 18:04:48', 102),
(700, 52.34, '2024-10-13 18:04:57', 170),
(701, 52.36, '2024-10-13 18:05:06', 171),
(702, 11.52, '2024-10-13 18:05:16', 172),
(703, 152.92, '2024-10-13 18:05:47', 173),
(704, 152.77, '2024-10-13 18:05:57', 1),
(705, 152.96, '2024-10-13 18:06:07', 2),
(706, 152.07, '2024-10-13 18:06:39', 3),
(707, 11.42, '2024-10-13 18:07:00', 4),
(708, 151.74, '2024-10-13 18:07:17', 173),
(709, 153.34, '2024-10-13 18:07:33', 174),
(710, 153.34, '2024-10-13 18:07:57', 175),
(711, 152.94, '2024-10-13 18:08:20', 176),
(712, 152.96, '2024-10-13 18:08:31', 55),
(713, 159.15, '2024-10-13 18:18:33', 56),
(714, 53.15, '2024-10-13 18:19:56', 57),
(715, 160.37, '2024-10-13 18:22:16', 58),
(716, 135.38, '2024-10-13 18:23:25', 59),
(717, 161.33, '2024-10-13 18:44:11', 60),
(718, 160.93, '2024-10-13 18:44:20', 1),
(719, 161.50, '2024-10-13 18:48:14', 2),
(720, 161.36, '2024-10-13 18:49:07', 3),
(721, 161.14, '2024-10-13 18:49:32', 4),
(722, 161.16, '2024-10-13 18:52:06', 5),
(723, 158.75, '2024-10-13 20:05:50', 6),
(724, 200.09, '2024-10-13 20:05:58', 7),
(725, 172.72, '2024-10-13 20:06:06', 8),
(726, 179.09, '2024-10-13 20:08:14', 9),
(727, 220.82, '2024-10-14 03:58:01', 18),
(728, 34.55, '2024-10-14 03:58:36', 19),
(729, 34.57, '2024-10-14 03:59:03', 20),
(730, 34.78, '2024-10-14 04:00:56', 21);

-- --------------------------------------------------------

--
-- Table structure for table `history`
--

CREATE TABLE `history` (
  `his_id` int(11) NOT NULL,
  `card_id` int(10) NOT NULL,
  `height` varchar(100) NOT NULL,
  `license_plate` varchar(100) NOT NULL,
  `lot_id` int(10) NOT NULL,
  `time_in` timestamp NOT NULL DEFAULT current_timestamp(),
  `time_out` timestamp NULL DEFAULT current_timestamp()
) ENGINE=InnoDB DEFAULT CHARSET=utf8mb4 COLLATE=utf8mb4_general_ci;

--
-- Dumping data for table `history`
--

INSERT INTO `history` (`his_id`, `card_id`, `height`, `license_plate`, `lot_id`, `time_in`, `time_out`) VALUES
(2, 1, '156', 'ซญ4444', 5, '2024-08-22 11:10:22', NULL),
(3, 1, '156', 'หก6666', 6, '2024-08-22 13:45:55', NULL),
(5, 1, '156', 'หก6666', 63, '2024-08-22 13:50:37', NULL),
(6, 1, '156', 'ฟฟ3333', 7, '2024-08-22 13:52:22', NULL),
(7, 1, '148', 'string', 8, '2024-08-23 12:39:25', NULL),
(8, 2, '148', 'string', 151, '2024-08-23 12:41:10', '2024-10-08 08:49:10'),
(9, 1, '-365', 'string', 9, '2024-08-23 14:37:27', NULL);

-- --------------------------------------------------------

--
-- Table structure for table `license_data`
--

CREATE TABLE `license_data` (
  `id` int(11) NOT NULL,
  `license_plate` varchar(255) NOT NULL
) ENGINE=InnoDB DEFAULT CHARSET=utf8mb4 COLLATE=utf8mb4_general_ci;

--
-- Dumping data for table `license_data`
--

INSERT INTO `license_data` (`id`, `license_plate`) VALUES
(1, 'อย1515'),
(2, 'ศษ4682'),
(3, 'ฑฐ3458'),
(4, 'ษฉ7105'),
(5, 'ศฎ1004'),
(6, 'ดฐ8541'),
(7, 'ฎม4721'),
(8, 'ศฒ4666'),
(9, 'อน9203'),
(10, 'สณ1627'),
(11, 'วอ4833'),
(12, 'ญณ3541'),
(13, 'พฬ5210'),
(14, 'ฐซ3354'),
(15, 'มด8913'),
(16, 'ฟฦ5671'),
(17, 'ฬฒ6597'),
(18, 'วจ7478'),
(19, 'ษศ1628'),
(20, 'บย6658'),
(21, 'นณ1234'),
(22, 'บบ5678'),
(23, 'ปป9012'),
(24, 'ผผ3456'),
(25, 'ฝฝ7890'),
(26, 'พพ1234'),
(27, 'ฟฟ5678'),
(28, 'ภภ9012'),
(29, 'มม3456'),
(30, 'ยย7890'),
(31, 'รร1234'),
(32, 'ฤฤ5678'),
(33, 'ลล5896'),
(34, 'ฦฦ3456'),
(35, 'วว7890'),
(36, 'ศศ1234'),
(37, 'ษษ5678'),
(38, 'สส9012'),
(39, 'หห3456'),
(40, 'ฬฬ7890'),
(41, 'ออ1234'),
(42, 'ฮฮ5678'),
(43, 'กข3456'),
(44, 'คง7890'),
(45, 'จฉ1234'),
(46, 'ชซ5678'),
(47, 'ฌญ9012'),
(48, 'ฎฐ3456'),
(49, 'ฑฒ7890'),
(50, 'นด1234'),
(51, 'ตถ5678'),
(52, 'ทธ9012'),
(53, 'นบ3456'),
(54, 'ปผ7890'),
(55, 'ฝพ1234'),
(56, 'ฟภ5678'),
(57, 'มย9012'),
(58, 'รฤ3456'),
(59, 'ลฦ7890'),
(60, 'วศ1234'),
(61, 'ษส5678'),
(62, 'หฬ9012'),
(63, 'อฮ3456'),
(64, 'กค7890'),
(65, 'งจ1234'),
(66, 'ฉช5678'),
(67, 'ซฌ9012'),
(68, 'ญฎ3456'),
(69, 'ฐฑ7890'),
(70, 'นธ1234'),
(71, 'บป5678'),
(72, 'ผฝ9012'),
(73, 'พฟ3456'),
(74, 'ภม7890'),
(75, 'ยร1234'),
(76, 'ฤล5678'),
(77, 'ฦว9012'),
(78, 'ศษ3456'),
(79, 'สห7890'),
(80, 'ฬอ1234'),
(81, 'ฮก5678'),
(82, 'ขค9012'),
(83, 'งจ3456'),
(84, 'ฉช7890'),
(85, 'ซฌ1234'),
(86, 'ญฎ5678'),
(87, 'ฐฑ9012'),
(88, 'นธ3456'),
(89, 'บป7890'),
(90, 'ผฝ1234'),
(91, 'พฟ5678'),
(92, 'ภม9012'),
(93, 'ยร3456'),
(94, 'ฤล7890'),
(95, 'ฦว1234'),
(96, 'ศษ5678'),
(97, 'สห9012'),
(98, 'ฬอ3456'),
(99, 'ฮก7890'),
(100, 'กข1234'),
(101, 'คง5678'),
(102, 'จฉ9012'),
(103, 'ชซ3456'),
(104, 'ฌญ7890'),
(105, 'ฎฐ1234'),
(106, 'ฑฒ5678'),
(107, 'นด9012'),
(108, 'ตถ3456'),
(109, 'ทธ7890'),
(110, 'นบ1234'),
(111, 'ปผ5678'),
(112, 'ฝพ9012'),
(113, 'ฟภ3456'),
(114, 'มย7890'),
(115, 'รฤ6678'),
(116, 'ลฦ5678'),
(117, 'วศ9012'),
(118, 'ษส3456'),
(119, 'หฬ7890'),
(120, 'อฮ5254'),
(121, 'กค5678'),
(122, 'งจ9012'),
(123, 'ฉช3456'),
(124, 'ซฌ7890'),
(125, 'ญฎ1234'),
(126, 'ฐฑ5678'),
(127, 'นธ9012'),
(128, 'บป3456'),
(129, 'ผฝ7890'),
(130, 'พฟ3332'),
(131, 'ภม5678'),
(132, 'ยร9012'),
(133, 'ฤล3456'),
(134, 'ฦว7890'),
(135, 'ศษ6933'),
(136, 'สห5678'),
(137, 'ฬอ9012'),
(138, 'ฮก3456'),
(139, 'กข7890'),
(140, 'คง1234'),
(141, 'จฉ5678'),
(142, 'ชซ9012'),
(143, 'ฌญ3456'),
(144, 'ฎฐ7890'),
(145, 'ฑฒ1234'),
(146, 'นด5678'),
(147, 'ตถ9012'),
(148, 'ทธ3456'),
(149, 'นบ7890'),
(150, 'ปผ1234'),
(151, 'ฝพ5678'),
(152, 'ฟภ9012'),
(153, 'มย4665'),
(154, 'รฤ7890'),
(155, 'ลฦ1234'),
(156, 'วศ5678'),
(157, 'ษส9012'),
(158, 'หฬ7156'),
(159, 'อฮ7890'),
(160, 'กค1234'),
(161, 'งจ5678'),
(162, 'ฉช9012'),
(163, 'ซฌ3456'),
(164, 'ญฎ7890'),
(165, 'ฐฑ1234'),
(166, 'นธ5678'),
(167, 'บป9012'),
(168, 'ผฝ3456'),
(169, 'พฟ7890'),
(170, 'ภม1234'),
(171, 'ยร5678'),
(172, 'ฤล9012'),
(173, 'ฦว3456'),
(174, 'ศษ7890'),
(175, 'สห1234'),
(176, 'ฬอ5678'),
(177, 'ฮก9012'),
(178, 'กข6511'),
(179, 'คง7751'),
(180, 'จฉ9800'),
(181, 'ชซ7411'),
(182, 'ฌญ0693'),
(183, 'ฎฐ3002'),
(184, 'ฑฒ9950'),
(185, 'นด6656'),
(186, 'ตถ3350'),
(187, 'ทธ3235'),
(188, 'นบ8542'),
(189, 'ปผ4965'),
(190, 'ฝพ8165'),
(191, 'ฟภ7469'),
(192, 'มย1112'),
(193, 'รฤ3456'),
(194, 'ลฦ1252'),
(195, 'วศ7575'),
(196, 'ษส5678'),
(197, 'หฬ3320'),
(198, 'อฮ6696'),
(199, 'กค9426'),
(200, 'งจ1102'),
(201, 'ขค6789'),
(202, 'งจ7785'),
(203, 'ฉช6953'),
(204, 'ซฐ3456'),
(205, 'ดพ8849'),
(206, 'พด1234'),
(207, 'นธ5413'),
(208, 'บป3369'),
(209, 'ฐฐ6852'),
(210, 'กห5825'),
(211, 'ชล6665'),
(212, 'ชบล8521'),
(213, 'ฤล9000'),
(214, 'ฦว3456'),
(215, 'ศษ7890'),
(216, 'สห1234'),
(217, 'ฬอ5678'),
(218, 'ฮก8520'),
(219, 'กข6789'),
(220, 'คง6632'),
(221, 'จฉ1144'),
(222, 'ชซ3456'),
(223, 'ฌพ5890'),
(224, 'บล6852'),
(225, 'ยญ7888'),
(226, 'พส2568'),
(227, 'ศษ6632'),
(228, 'อด5555'),
(229, 'นบ7777'),
(230, 'ปผ5678'),
(231, 'พด3314'),
(232, 'มน6868');

-- --------------------------------------------------------

--
-- Table structure for table `lot`
--

CREATE TABLE `lot` (
  `lot_id` int(100) NOT NULL,
  `number` varchar(1000) NOT NULL,
  `status_id` int(10) NOT NULL,
  `bay_id` int(10) NOT NULL,
  `parking_type_id` int(10) NOT NULL,
  `parked_zone` int(10) NOT NULL
) ENGINE=InnoDB DEFAULT CHARSET=utf8mb4 COLLATE=utf8mb4_general_ci;

--
-- Dumping data for table `lot`
--

INSERT INTO `lot` (`lot_id`, `number`, `status_id`, `bay_id`, `parking_type_id`, `parked_zone`) VALUES
(1, 'A101', 1, 1, 1, 1),
(2, 'A102', 1, 1, 1, 1),
(3, 'A103', 1, 1, 1, 1),
(4, 'A104', 1, 1, 1, 1),
(5, 'A201', 6, 1, 0, 1),
(6, 'A202', 1, 1, 0, 1),
(7, 'A203', 1, 1, 0, 1),
(8, 'A204', 1, 1, 0, 1),
(9, 'A301', 1, 1, 0, 1),
(10, 'A302', 1, 1, 0, 1),
(11, 'A303', 1, 1, 0, 1),
(12, 'A304', 1, 1, 0, 1),
(13, 'A401', 1, 1, 0, 1),
(14, 'A402', 1, 1, 0, 1),
(15, 'A403', 1, 1, 0, 1),
(16, 'A404', 1, 1, 0, 1),
(17, 'A501', 1, 1, 0, 1),
(18, 'A502', 1, 1, 0, 1),
(19, 'A503', 1, 1, 0, 1),
(20, 'A504', 1, 1, 0, 1),
(21, 'A601', 1, 1, 0, 1),
(22, 'A602', 1, 1, 0, 1),
(23, 'A603', 1, 1, 0, 1),
(24, 'A604', 1, 1, 0, 1),
(25, 'A701', 1, 1, 0, 1),
(26, 'A702', 1, 1, 0, 1),
(27, 'A703', 1, 1, 0, 1),
(28, 'A704', 1, 1, 0, 1),
(29, 'A705', 1, 1, 0, 1),
(30, 'B101', 1, 2, 1, 1),
(31, 'B102', 1, 2, 1, 1),
(32, 'B103', 1, 2, 1, 1),
(33, 'B104', 1, 2, 1, 1),
(34, 'B201', 7, 2, 0, 1),
(35, 'B202', 1, 2, 0, 1),
(36, 'B203', 1, 2, 0, 1),
(37, 'B204', 1, 2, 0, 1),
(38, 'B301', 1, 2, 0, 1),
(39, 'B302', 1, 2, 0, 1),
(40, 'B303', 1, 2, 0, 1),
(41, 'B304', 1, 2, 0, 1),
(42, 'B401', 1, 2, 0, 1),
(43, 'B402', 1, 2, 0, 1),
(44, 'B403', 1, 2, 0, 1),
(45, 'B404', 1, 2, 0, 1),
(46, 'B501', 1, 2, 0, 1),
(47, 'B502', 1, 2, 0, 1),
(48, 'B503', 1, 2, 0, 1),
(49, 'B504', 1, 2, 0, 1),
(50, 'B601', 1, 2, 0, 1),
(51, 'B602', 1, 2, 0, 1),
(52, 'B603', 1, 2, 0, 1),
(53, 'B604', 1, 2, 0, 1),
(54, 'B701', 1, 2, 0, 1),
(55, 'B702', 1, 2, 0, 1),
(56, 'B703', 1, 2, 0, 1),
(57, 'B704', 1, 2, 0, 1),
(58, 'B705', 1, 2, 0, 1),
(59, 'C101', 1, 3, 1, 2),
(60, 'C102', 1, 3, 1, 2),
(61, 'C103', 1, 3, 1, 2),
(62, 'C104', 1, 3, 1, 2),
(63, 'C201', 3, 3, 0, 2),
(64, 'C202', 1, 3, 0, 2),
(65, 'C203', 1, 3, 0, 2),
(66, 'C204', 1, 3, 0, 2),
(67, 'C301', 1, 3, 0, 2),
(68, 'C302', 1, 3, 0, 2),
(69, 'C303', 1, 3, 0, 2),
(70, 'C304', 1, 3, 0, 2),
(71, 'C401', 1, 3, 0, 2),
(72, 'C402', 1, 3, 0, 2),
(73, 'C403', 1, 3, 0, 2),
(74, 'C404', 1, 3, 0, 2),
(75, 'C501', 1, 3, 0, 2),
(76, 'C502', 1, 3, 0, 2),
(77, 'C503', 1, 3, 0, 2),
(78, 'C504', 1, 3, 0, 2),
(79, 'C601', 1, 3, 0, 2),
(80, 'C602', 1, 3, 0, 2),
(81, 'C603', 1, 3, 0, 2),
(82, 'C604', 1, 3, 0, 2),
(83, 'C701', 1, 3, 0, 2),
(84, 'C702', 1, 3, 0, 2),
(85, 'C703', 1, 3, 0, 2),
(86, 'C704', 1, 3, 0, 2),
(87, 'C705', 1, 3, 0, 2),
(88, 'D101', 1, 4, 1, 2),
(89, 'D102', 1, 4, 1, 2),
(90, 'D103', 1, 4, 1, 2),
(91, 'D104', 1, 4, 1, 2),
(92, 'D201', 6, 4, 0, 2),
(93, 'D202', 1, 4, 0, 2),
(94, 'D203', 1, 4, 0, 2),
(95, 'D204', 1, 4, 0, 2),
(96, 'D301', 1, 4, 0, 2),
(97, 'D302', 1, 4, 0, 2),
(98, 'D303', 1, 4, 0, 2),
(99, 'D304', 1, 4, 0, 2),
(100, 'D401', 1, 4, 0, 2),
(101, 'D402', 1, 4, 0, 2),
(102, 'D403', 1, 4, 0, 2),
(103, 'D404', 1, 4, 0, 2),
(104, 'D501', 1, 4, 0, 2),
(105, 'D502', 1, 4, 0, 2),
(106, 'D503', 1, 4, 0, 2),
(107, 'D504', 1, 4, 0, 2),
(108, 'D601', 1, 4, 0, 2),
(109, 'D602', 1, 4, 0, 2),
(110, 'D603', 1, 4, 0, 2),
(111, 'D604', 1, 4, 0, 2),
(112, 'D701', 1, 4, 0, 2),
(113, 'D702', 1, 4, 0, 2),
(114, 'D703', 1, 4, 0, 2),
(115, 'D704', 1, 4, 0, 2),
(116, 'D705', 1, 4, 0, 2),
(117, 'E101', 1, 5, 1, 2),
(118, 'E102', 1, 5, 1, 2),
(119, 'E103', 1, 5, 1, 2),
(120, 'E104', 1, 5, 1, 2),
(121, 'E201', 1, 5, 0, 2),
(122, 'E202', 1, 5, 0, 2),
(123, 'E203', 1, 5, 0, 2),
(124, 'E204', 1, 5, 0, 2),
(125, 'E301', 1, 5, 0, 2),
(126, 'E302', 1, 5, 0, 2),
(127, 'E303', 1, 5, 0, 2),
(128, 'E304', 1, 5, 0, 2),
(129, 'E401', 1, 5, 0, 2),
(130, 'E402', 1, 5, 0, 2),
(131, 'E403', 1, 5, 0, 2),
(132, 'E404', 1, 5, 0, 2),
(133, 'E501', 1, 5, 0, 2),
(134, 'E502', 1, 5, 0, 2),
(135, 'E503', 1, 5, 0, 2),
(136, 'E504', 1, 5, 0, 2),
(137, 'E601', 1, 5, 0, 2),
(138, 'E602', 1, 5, 0, 2),
(139, 'E603', 1, 5, 0, 2),
(140, 'E604', 1, 5, 0, 2),
(141, 'E701', 1, 5, 0, 2),
(142, 'E702', 1, 5, 0, 2),
(143, 'E703', 1, 5, 0, 2),
(144, 'E704', 1, 5, 0, 2),
(145, 'E705', 1, 5, 0, 2),
(146, 'F101', 1, 6, 1, 2),
(147, 'F102', 1, 6, 1, 2),
(148, 'F103', 1, 6, 1, 2),
(149, 'F104', 1, 6, 1, 2),
(150, 'F201', 1, 6, 0, 2),
(151, 'F202', 1, 6, 0, 2),
(152, 'F203', 1, 6, 0, 2),
(153, 'F204', 1, 6, 0, 2),
(154, 'F301', 1, 6, 0, 2),
(155, 'F302', 1, 6, 0, 2),
(156, 'F303', 1, 6, 0, 2),
(157, 'F304', 1, 6, 0, 2),
(158, 'F401', 1, 6, 0, 2),
(159, 'F402', 1, 6, 0, 2),
(160, 'F403', 1, 6, 0, 2),
(161, 'F404', 1, 6, 0, 2),
(162, 'F501', 1, 6, 0, 2),
(163, 'F502', 1, 6, 0, 2),
(164, 'F503', 1, 6, 0, 2),
(165, 'F504', 1, 6, 0, 2),
(166, 'F601', 1, 6, 0, 2),
(167, 'F602', 1, 6, 0, 2),
(168, 'F603', 1, 6, 0, 2),
(169, 'F604', 1, 6, 0, 2),
(170, 'F701', 1, 6, 0, 2),
(171, 'F702', 1, 6, 0, 2),
(172, 'F703', 1, 6, 0, 2),
(173, 'F704', 1, 6, 0, 2),
(174, 'F705', 1, 6, 0, 2),
(175, 'G101', 1, 7, 1, 2),
(176, 'G102', 1, 7, 1, 2),
(177, 'G103', 1, 7, 1, 2),
(178, 'G104', 1, 7, 1, 2),
(179, 'G201', 1, 7, 0, 2),
(180, 'G202', 1, 7, 0, 2),
(181, 'G203', 1, 7, 0, 2),
(182, 'G204', 1, 7, 0, 2),
(183, 'G301', 1, 7, 0, 2),
(184, 'G302', 1, 7, 0, 2),
(185, 'G303', 1, 7, 0, 2),
(186, 'G304', 1, 7, 0, 2),
(187, 'G401', 1, 7, 0, 2),
(188, 'G402', 1, 7, 0, 2),
(189, 'G403', 1, 7, 0, 2),
(190, 'G404', 1, 7, 0, 2),
(191, 'G501', 1, 7, 0, 2),
(192, 'G502', 1, 7, 0, 2),
(193, 'G503', 1, 7, 0, 2),
(194, 'G504', 1, 7, 0, 2),
(195, 'G601', 1, 7, 0, 2),
(196, 'G602', 1, 7, 0, 2),
(197, 'G603', 1, 7, 0, 2),
(198, 'G604', 1, 7, 0, 2),
(199, 'G701', 1, 7, 0, 2),
(200, 'G702', 1, 7, 0, 2),
(201, 'G703', 1, 7, 0, 2),
(202, 'G704', 1, 7, 0, 2),
(203, 'G705', 1, 7, 0, 2),
(204, 'H101', 1, 8, 1, 2),
(205, 'H102', 1, 8, 1, 2),
(206, 'H103', 1, 8, 1, 2),
(207, 'H104', 1, 8, 1, 2),
(208, 'H201', 1, 8, 0, 2),
(209, 'H202', 1, 8, 0, 2),
(210, 'H203', 1, 8, 0, 2),
(211, 'H204', 1, 8, 0, 2),
(212, 'H301', 1, 8, 0, 2),
(213, 'H302', 1, 8, 0, 2),
(214, 'H303', 1, 8, 0, 2),
(215, 'H304', 1, 8, 0, 2),
(216, 'H401', 1, 8, 0, 2),
(217, 'H402', 1, 8, 0, 2),
(218, 'H403', 1, 8, 0, 2),
(219, 'H404', 1, 8, 0, 2),
(220, 'H501', 1, 8, 0, 2),
(221, 'H502', 1, 8, 0, 2),
(222, 'H503', 1, 8, 0, 2),
(223, 'H504', 1, 8, 0, 2),
(224, 'H601', 1, 8, 0, 2),
(225, 'H602', 1, 8, 0, 2),
(226, 'H603', 1, 8, 0, 2),
(227, 'H604', 1, 8, 0, 2),
(228, 'H701', 1, 8, 0, 2),
(229, 'H702', 1, 8, 0, 2),
(230, 'H703', 1, 8, 0, 2),
(231, 'H704', 1, 8, 0, 2),
(232, 'H705', 1, 8, 0, 2);

-- --------------------------------------------------------

--
-- Table structure for table `parking_type`
--

CREATE TABLE `parking_type` (
  `parking_type_id` int(10) NOT NULL,
  `type_name` char(100) NOT NULL
) ENGINE=InnoDB DEFAULT CHARSET=utf8mb4 COLLATE=utf8mb4_general_ci;

--
-- Dumping data for table `parking_type`
--

INSERT INTO `parking_type` (`parking_type_id`, `type_name`) VALUES
(0, 'normal'),
(1, 'over_height');

-- --------------------------------------------------------

--
-- Table structure for table `status`
--

CREATE TABLE `status` (
  `status_id` int(10) NOT NULL,
  `name_status` char(100) NOT NULL
) ENGINE=InnoDB DEFAULT CHARSET=utf8mb4 COLLATE=utf8mb4_general_ci;

--
-- Dumping data for table `status`
--

INSERT INTO `status` (`status_id`, `name_status`) VALUES
(0, 'blank'),
(1, 'empty'),
(2, 'full'),
(3, 'issue'),
(4, 'inuse'),
(5, 'unuse'),
(6, 'occupie'),
(7, 'parked');

-- --------------------------------------------------------

--
-- Table structure for table `update_history`
--

CREATE TABLE `update_history` (
  `history_id` int(11) NOT NULL,
  `card_id` int(10) NOT NULL,
  `lot_id` int(10) NOT NULL,
  `user_license_plate` varchar(100) NOT NULL,
  `distance` decimal(10,2) NOT NULL,
  `time_in` timestamp NOT NULL DEFAULT current_timestamp(),
  `time_out` timestamp NULL DEFAULT current_timestamp() ON UPDATE current_timestamp()
) ENGINE=InnoDB DEFAULT CHARSET=utf8mb4 COLLATE=utf8mb4_general_ci;

--
-- Dumping data for table `update_history`
--

INSERT INTO `update_history` (`history_id`, `card_id`, `lot_id`, `user_license_plate`, `distance`, `time_in`, `time_out`) VALUES
(388, 67, 68, 'ซฌ9012', 152.00, '2024-10-13 13:02:21', NULL),
(389, 68, 97, 'ญฎ3456', 152.00, '2024-10-13 13:02:34', NULL),
(390, 69, 126, 'ฐฑ7890', 152.00, '2024-10-13 13:02:44', NULL),
(391, 69, 126, 'ฐฑ7890', 152.00, '2024-10-13 13:02:46', NULL),
(392, 70, 155, 'นธ1234', 52.00, '2024-10-13 13:03:04', NULL),
(393, 70, 155, 'นธ1234', 52.00, '2024-10-13 13:03:07', NULL),
(394, 71, 184, 'บป5678', 52.00, '2024-10-13 13:03:16', NULL),
(395, 72, 213, 'ผฝ9012', 152.00, '2024-10-13 13:03:37', NULL),
(396, 100, 11, 'กข1234', 52.00, '2024-10-13 13:03:44', NULL),
(397, 100, 11, 'กข1234', 52.00, '2024-10-13 13:04:08', NULL),
(398, 101, 40, 'คง5678', 11.00, '2024-10-13 13:04:24', NULL),
(399, 102, 69, 'จฉ9012', 11.00, '2024-10-13 13:04:52', NULL),
(400, 170, 98, 'ภม1234', 52.00, '2024-10-13 13:05:00', NULL),
(401, 171, 127, 'ยร5678', 52.00, '2024-10-13 13:05:07', NULL),
(402, 172, 156, 'ฤล9012', 11.00, '2024-10-13 13:05:17', NULL),
(403, 1, 185, 'อย1515', 152.00, '2024-10-13 13:05:58', '2024-10-13 15:11:55'),
(404, 2, 214, 'ศษ4682', 152.00, '2024-10-13 13:06:13', NULL),
(405, 3, 12, 'ฑฐ3458', 152.00, '2024-10-13 13:06:42', '2024-10-13 15:11:59'),
(406, 4, 41, 'ษฉ7105', 11.00, '2024-10-13 13:07:03', '2024-10-13 15:12:02'),
(407, 173, 70, 'ฦว3456', 151.00, '2024-10-13 13:07:18', NULL),
(408, 174, 99, 'ศษ7890', 153.00, '2024-10-13 13:07:35', NULL),
(409, 175, 128, 'สห1234', 153.00, '2024-10-13 13:07:59', NULL),
(410, 176, 157, 'ฬอ5678', 152.00, '2024-10-13 13:08:25', NULL),
(411, 55, 186, 'ฝพ1234', 152.00, '2024-10-13 13:08:34', NULL),
(412, 56, 215, 'ฟภ5678', 159.00, '2024-10-13 13:18:34', NULL),
(413, 57, 13, 'มย9012', 53.00, '2024-10-13 13:19:58', NULL),
(414, 58, 42, 'รฤ3456', 160.00, '2024-10-13 13:22:30', NULL),
(415, 59, 71, 'ลฦ7890', 135.00, '2024-10-13 13:23:26', NULL),
(416, 1, 5, 'อย1515', 160.00, '2024-10-13 13:48:04', '2024-10-13 15:11:55'),
(417, 2, 34, 'ศษ4682', 161.00, '2024-10-13 13:48:15', NULL),
(418, 3, 63, 'ฑฐ3458', 161.00, '2024-10-13 13:49:09', '2024-10-13 15:11:59'),
(419, 3, 92, 'ฑฐ3458', 161.00, '2024-10-13 13:49:25', '2024-10-13 15:11:59'),
(420, 4, 121, 'ษฉ7105', 161.00, '2024-10-13 13:49:37', '2024-10-13 15:12:02'),
(421, 2, 150, 'ศษ4682', 161.00, '2024-10-13 13:50:54', '2024-10-13 18:50:54'),
(422, 5, 179, 'ศฎ1004', 161.00, '2024-10-13 13:52:07', '2024-10-13 15:12:05'),
(423, 5, 179, 'ศฎ1004', 161.00, '2024-10-13 14:00:56', '2024-10-13 15:12:05'),
(424, 8, 5, 'ศฒ4666', 172.00, '2024-10-13 15:06:37', NULL),
(425, 9, 34, 'อน9203', 179.00, '2024-10-13 15:08:34', '2024-10-13 15:12:44'),
(426, 9, 5, 'อน9203', 179.00, '2024-10-13 15:12:23', '2024-10-13 15:12:44'),
(427, 9, 5, 'อน9203', 179.00, '2024-10-13 15:38:44', '2024-10-13 15:39:09'),
(428, 9, 5, 'อน9203', 179.00, '2024-10-13 15:41:46', '2024-10-13 15:42:17'),
(429, 9, 34, 'อน9203', 179.00, '2024-10-13 15:41:54', '2024-10-13 15:42:17'),
(430, 9, 34, 'อน9203', 179.00, '2024-10-13 15:42:04', '2024-10-13 15:42:17'),
(431, 20, 34, 'บย6658', 34.00, '2024-10-13 22:59:38', NULL),
(432, 21, 63, 'นณ1234', 34.00, '2024-10-13 23:01:10', '2024-10-13 23:03:08'),
(433, 21, 92, 'นณ1234', 34.00, '2024-10-13 23:01:48', '2024-10-14 04:01:48'),
(434, 12, 92, 'ญณ3541', 0.00, '2024-10-13 23:09:55', '2024-10-14 04:09:55');

-- --------------------------------------------------------

--
-- Table structure for table `users`
--

CREATE TABLE `users` (
  `id` int(11) NOT NULL,
  `username` varchar(50) NOT NULL,
  `password` varchar(255) NOT NULL,
  `employee_id` varchar(10) NOT NULL,
  `ip_address` varchar(45) NOT NULL
) ENGINE=InnoDB DEFAULT CHARSET=utf8mb4 COLLATE=utf8mb4_general_ci;

--
-- Dumping data for table `users`
--

INSERT INTO `users` (`id`, `username`, `password`, `employee_id`, `ip_address`) VALUES
(1, 'admin', 'ef92b778bafe771e89245b89ecbc08a44a4e166c06659911881f383d4473e94f', '', '192.168.1.57'),
(2, 'user1', '05d49692b755f99c4504b510418efeeeebfd466892540f27acf9a31a326d6504', '', '203.0.113.1'),
(3, 'b', '03ac674216f3e15c761ee1a5e255f067953623c8b388b4459e13f978d7c846f4', 'b1234', '192.168.1.55'),
(4, 'a', '03ac674216f3e15c761ee1a5e255f067953623c8b388b4459e13f978d7c846f4', 'a1234', '192.168.1.55');

--
-- Indexes for dumped tables
--

--
-- Indexes for table `bay`
--
ALTER TABLE `bay`
  ADD PRIMARY KEY (`bay_id`);

--
-- Indexes for table `bay_order`
--
ALTER TABLE `bay_order`
  ADD PRIMARY KEY (`id`),
  ADD KEY `status` (`status`);

--
-- Indexes for table `card`
--
ALTER TABLE `card`
  ADD PRIMARY KEY (`card_id`),
  ADD KEY `lot_id` (`lot_id`),
  ADD KEY `card_status` (`status_id`);

--
-- Indexes for table `distance_data`
--
ALTER TABLE `distance_data`
  ADD PRIMARY KEY (`distance_id`),
  ADD KEY `idx_distance_id` (`distance_id`);

--
-- Indexes for table `history`
--
ALTER TABLE `history`
  ADD PRIMARY KEY (`his_id`),
  ADD KEY `lot_id` (`lot_id`);

--
-- Indexes for table `license_data`
--
ALTER TABLE `license_data`
  ADD PRIMARY KEY (`id`);

--
-- Indexes for table `lot`
--
ALTER TABLE `lot`
  ADD PRIMARY KEY (`lot_id`),
  ADD KEY `parking_type_id` (`parking_type_id`),
  ADD KEY `status_id` (`status_id`),
  ADD KEY `bay_id` (`bay_id`);

--
-- Indexes for table `parking_type`
--
ALTER TABLE `parking_type`
  ADD PRIMARY KEY (`parking_type_id`);

--
-- Indexes for table `status`
--
ALTER TABLE `status`
  ADD PRIMARY KEY (`status_id`);

--
-- Indexes for table `update_history`
--
ALTER TABLE `update_history`
  ADD PRIMARY KEY (`history_id`),
  ADD KEY `card_id` (`card_id`),
  ADD KEY `lot_id` (`lot_id`);

--
-- Indexes for table `users`
--
ALTER TABLE `users`
  ADD PRIMARY KEY (`id`);

--
-- AUTO_INCREMENT for dumped tables
--

--
-- AUTO_INCREMENT for table `distance_data`
--
ALTER TABLE `distance_data`
  MODIFY `distance_id` int(11) NOT NULL AUTO_INCREMENT, AUTO_INCREMENT=731;

--
-- AUTO_INCREMENT for table `history`
--
ALTER TABLE `history`
  MODIFY `his_id` int(11) NOT NULL AUTO_INCREMENT, AUTO_INCREMENT=35;

--
-- AUTO_INCREMENT for table `update_history`
--
ALTER TABLE `update_history`
  MODIFY `history_id` int(11) NOT NULL AUTO_INCREMENT, AUTO_INCREMENT=435;

--
-- AUTO_INCREMENT for table `users`
--
ALTER TABLE `users`
  MODIFY `id` int(11) NOT NULL AUTO_INCREMENT, AUTO_INCREMENT=5;

--
-- Constraints for dumped tables
--

--
-- Constraints for table `bay_order`
--
ALTER TABLE `bay_order`
  ADD CONSTRAINT `bay_order_ibfk_1` FOREIGN KEY (`status`) REFERENCES `status` (`status_id`);

--
-- Constraints for table `card`
--
ALTER TABLE `card`
  ADD CONSTRAINT `card_ibfk_1` FOREIGN KEY (`lot_id`) REFERENCES `lot` (`lot_id`),
  ADD CONSTRAINT `card_ibfk_2` FOREIGN KEY (`status_id`) REFERENCES `status` (`status_id`);

--
-- Constraints for table `history`
--
ALTER TABLE `history`
  ADD CONSTRAINT `history_ibfk_2` FOREIGN KEY (`lot_id`) REFERENCES `lot` (`lot_id`);

--
-- Constraints for table `lot`
--
ALTER TABLE `lot`
  ADD CONSTRAINT `lot_ibfk_1` FOREIGN KEY (`status_id`) REFERENCES `status` (`status_id`),
  ADD CONSTRAINT `lot_ibfk_2` FOREIGN KEY (`parking_type_id`) REFERENCES `parking_type` (`parking_type_id`),
  ADD CONSTRAINT `lot_ibfk_3` FOREIGN KEY (`bay_id`) REFERENCES `bay` (`bay_id`);

--
-- Constraints for table `update_history`
--
ALTER TABLE `update_history`
  ADD CONSTRAINT `update_history_ibfk_1` FOREIGN KEY (`card_id`) REFERENCES `card` (`card_id`),
  ADD CONSTRAINT `update_history_ibfk_2` FOREIGN KEY (`lot_id`) REFERENCES `lot` (`lot_id`);
COMMIT;

/*!40101 SET CHARACTER_SET_CLIENT=@OLD_CHARACTER_SET_CLIENT */;
/*!40101 SET CHARACTER_SET_RESULTS=@OLD_CHARACTER_SET_RESULTS */;
/*!40101 SET COLLATION_CONNECTION=@OLD_COLLATION_CONNECTION */;
